{"n_samples=10/dc=0.5/n_bits=1000/sig_amp=1.3e-06/noise_amp=1.0e-08/lux=17.29/X=0.0/Y=0.0": [{"V(comp_filter)": 0.0, "V(comp_filter)_Trig": 0.0, "V(comp_tia)": 0.164, "V(comp_tia)_Trig": 0.164, "SNR": 4.60487181426202}], "n_samples=10/dc=0.2/n_bits=1000/sig_amp=1.44e-06/noise_amp=1.0e-08/lux=19.22/X=0.0/Y=0.38461538461538464": [{"V(comp_filter)": 0.024, "V(comp_filter)_Trig": 0.0, "V(comp_tia)": 0.242, "V(comp_tia)_Trig": 0.227, "SNR": 1.7771400249431866}]}