{"n_samples=10/dc=0.2/n_bits=1000/sig_amp=1.3e-06/noise_amp=1.0e-08/lux=17.29/X=0.0/Y=0.0": [{"V(comp_filter)": 0.062, "V(comp_filter)_Trig": 0.0, "V(comp_tia)": 0.234, "V(comp_tia)_Trig": 0.195, "SNR": 1.833178562016418}], "n_samples=10/dc=0.2/n_bits=1000/sig_amp=1.44e-06/noise_amp=1.0e-08/lux=19.22/X=0.0/Y=0.38461538461538464": [{"V(comp_filter)": 0.028, "V(comp_filter)_Trig": 0.0, "V(comp_tia)": 0.232, "V(comp_tia)_Trig": 0.215, "SNR": 1.7769633689264648}], "n_samples=10/dc=0.2/n_bits=1000/sig_amp=1.51e-06/noise_amp=1.0e-08/lux=20.12/X=0.0/Y=0.7692307692307693": [{"V(comp_filter)": 0.023, "V(comp_filter)_Trig": 0.0, "V(comp_tia)": 0.275, "V(comp_tia)_Trig": 0.265, "SNR": 1.5165751032519132}], "n_samples=10/dc=0.8/n_bits=1000/sig_amp=1.3e-06/noise_amp=1.0e-08/lux=17.29/X=0.0/Y=0.0": [{"V(comp_filter)": 0.0, "V(comp_filter)_Trig": 0.02, "V(comp_tia)": 0.185, "V(comp_tia)_Trig": 0.176, "SNR": 7.4038437136470865}]}