{"0.0": {"0.0": 46.91386893359422, "0.4": 54.0679634730257, "0.8": 51.686374499187295, "1.2000000000000002": 41.367709179353966, "1.6": 29.23877936788744, "2.0": 19.826711364963725, "2.4000000000000004": 12.75153570028945, "2.8000000000000003": 8.473249135976264, "3.2": 5.770237491755314, "3.6": 4.092366491376509, "4.0": 2.897451497207785}, "0.3": {"0.0": 53.03725481434209, "0.4": 61.55993827592108, "0.8": 58.664058030237435, "1.2000000000000002": 45.88509077978292, "1.6": 32.053902629477165, "2.0": 21.19592026199676, "2.4000000000000004": 13.612493791351282, "2.8000000000000003": 9.03661274201511, "3.2": 6.155482346694889, "3.6": 4.161455957743236, "4.0": 2.9378035662853463}, "0.6": {"0.0": 54.0679634730257, "0.4": 62.873507806509544, "0.8": 59.63362203436084, "1.2000000000000002": 46.91386893359422, "1.6": 32.92005302499238, "2.0": 21.321864053289893, "2.4000000000000004": 13.67621374543709, "2.8000000000000003": 9.070127605873045, "3.2": 6.173786073602763, "3.6": 4.171516775280027, "4.0": 2.9436600811793627}, "0.8999999999999999": {"0.0": 49.455918932825604, "0.4": 57.111326401104314, "0.8": 54.245882994803395, "1.2000000000000002": 43.072278586205684, "1.6": 30.52542350715525, "2.0": 20.169938590501197, "2.4000000000000004": 13.363442997016538, "2.8000000000000003": 8.904994015116882, "3.2": 5.8209579181935025, "3.6": 4.12169334199431, "4.0": 2.9146087016599957}, "1.2": {"0.0": 41.367709179353966, "0.4": 46.91386893359422, "0.8": 44.59844606100978, "1.2000000000000002": 36.32993834120178, "1.6": 26.45485989185168, "2.0": 17.953598354639723, "2.4000000000000004": 12.307289366612164, "2.8000000000000003": 8.235928150478205, "3.2": 5.6392061641790034, "3.6": 4.016163870677275, "4.0": 2.8526712256283515}, "1.5": {"0.0": 32.053902629477165, "0.4": 36.04303998898508, "0.8": 34.66177142092855, "1.2000000000000002": 29.03378196644393, "1.6": 21.535129612245765, "2.0": 15.469727162456907, "2.4000000000000004": 10.680818361216058, "2.8000000000000003": 7.465021081921214, "3.2": 5.1394994087860715, "3.6": 3.674236675529816, "4.0": 2.7619628650131935}, "1.7999999999999998": {"0.0": 23.952151950680307, "0.4": 26.45485989185168, "0.8": 25.39174618098374, "1.2000000000000002": 22.230130242388647, "1.6": 16.93389281148443, "2.0": 12.599932487873879, "2.4000000000000004": 9.070127605873045, "2.8000000000000003": 6.376020874199849, "3.2": 4.6162144333628925, "3.6": 3.318065930880851, "4.0": 2.5067128084401835}, "2.1": {"0.0": 17.729134284049994, "0.4": 19.044940355678932, "0.8": 18.764811059598046, "1.2000000000000002": 16.498864994306075, "1.6": 13.363442997016538, "2.0": 10.024838546445707, "2.4000000000000004": 7.565011318426872, "2.8000000000000003": 5.602102287698114, "3.2": 4.095604404874817, "3.6": 3.125089351061055, "4.0": 2.251284820574716}, "2.4": {"0.0": 12.751535700289455, "0.4": 13.67621374543709, "0.8": 13.507603179758014, "1.2000000000000002": 12.307289366612164, "1.6": 10.01166339820293, "2.0": 8.159748029071064, "2.4000000000000004": 6.223132443922, "2.8000000000000003": 4.647808266372759, "3.2": 3.5963977961528286, "3.6": 2.7671386663456015, "4.0": 2.124529405424039}, "2.6999999999999997": {"0.0": 9.6685762772197, "0.4": 9.972344922775045, "0.8": 9.868989834119667, "1.2000000000000002": 9.03661274201511, "1.6": 7.667716559826961, "2.0": 6.305024883131817, "2.4000000000000004": 5.0663321143528295, "2.8000000000000003": 4.006837618742488, "3.2": 3.1334682244392833, "3.6": 2.4325535794693973, "4.0": 1.8784130526185105}, "3.0": {"0.0": 6.999645598520163, "0.4": 7.4897700163174, "0.8": 7.424134331699824, "1.2000000000000002": 6.823348760097592, "1.6": 5.815278325341399, "2.0": 5.043892673333984, "2.4000000000000004": 4.092366491376509, "2.8000000000000003": 3.2624904279873, "3.2": 2.568118360766187, "3.6": 2.124529405424039, "4.0": 1.6493520894197702}}