{"0.0": {"0.0": 2.6254351851348177, "0.38461538461538464": 3.2239103906233897, "0.7692307692307693": 4.095194882820026, "1.153846153846154": 5.329026458902209, "1.5384615384615385": 6.644177826171866, "1.9230769230769231": 8.398235383731569, "2.307692307692308": 10.660071947526554, "2.6923076923076925": 13.113745574869256, "3.076923076923077": 15.796062220946606, "3.4615384615384617": 18.06833021577129, "3.8461538461538463": 19.609617372493734, "4.230769230769231": 20.11539426596026, "4.615384615384616": 19.21925346565117, "5.0": 17.294292751593186}, "0.3076923076923077": {"0.0": 2.6579283733867536, "0.38461538461538464": 3.3944768989028207, "0.7692307692307693": 4.30804115788479, "1.153846153846154": 5.4267179314933305, "1.5384615384615385": 6.969752544572779, "1.9230769230769231": 8.807859637415685, "2.307692307692308": 11.166771764108539, "2.6923076923076925": 13.94529284275983, "3.076923076923077": 16.757370288526534, "3.4615384615384617": 19.263153797547798, "3.8461538461538463": 21.02869489082049, "4.230769230769231": 21.548172656235437, "4.615384615384616": 20.658746878441633, "5.0": 18.488742757458972}, "0.6153846153846154": {"0.0": 2.671151970651442, "0.38461538461538464": 3.413678585794248, "0.7692307692307693": 4.335851992018427, "1.153846153846154": 5.466804819203491, "1.5384615384615385": 7.028725092413778, "1.9230769230769231": 9.103194656562845, "2.307692307692308": 11.508639523043804, "2.6923076923076925": 14.11812611519594, "3.076923076923077": 17.197882275628583, "3.4615384615384617": 19.86037772803956, "3.8461538461538463": 21.621502657708884, "4.230769230769231": 22.13820202257814, "4.615384615384616": 21.192381875845633, "5.0": 19.10604353547772}, "0.9230769230769231": {"0.0": 2.664523765480509, "0.38461538461538464": 3.4040506641788078, "0.7692307692307693": 4.321901835707276, "1.153846153846154": 5.446687617822811, "1.5384615384615385": 6.999114599221403, "1.9230769230769231": 8.850269285459015, "2.307692307692308": 11.2278974976727, "2.6923076923076925": 14.031177267629976, "3.076923076923077": 16.871561932616398, "3.4615384615384617": 19.573519925852704, "3.8461538461538463": 21.37146889383273, "4.230769230769231": 21.860470857790414, "4.615384615384616": 20.93848447233109, "5.0": 18.798735256435464}, "1.2307692307692308": {"0.0": 2.6383366569010307, "0.38461538461538464": 3.3660760099622165, "0.7692307692307693": 4.121211789765441, "1.153846153846154": 5.36767791390124, "1.5384615384615385": 6.699231074681802, "1.9230769230769231": 8.68303480837589, "2.307692307692308": 10.987323683065725, "2.6923076923076925": 13.484716316939183, "3.076923076923077": 16.216568998662957, "3.4615384615384617": 18.50527296425949, "3.8461538461538463": 20.181285749398523, "4.230769230769231": 20.678310414705116, "4.615384615384616": 19.814446405205288, "5.0": 17.7469192804309}, "1.5384615384615385": {"0.0": 2.5937268607107873, "0.38461538461538464": 3.179814921761373, "0.7692307692307693": 4.031567411376776, "1.153846153846154": 5.073030445592606, "1.5384615384615385": 6.5104236800734325, "1.9230769230769231": 8.20621890745729, "2.307692307692308": 10.162419368542187, "2.6923076923076925": 12.512853004512472, "3.076923076923077": 14.87688886328599, "3.4615384615384617": 16.864379379601086, "3.8461538461538463": 18.40653273193622, "4.230769230769231": 18.790282452716106, "4.615384615384616": 18.028601516514552, "5.0": 16.304446663566818}, "1.8461538461538463": {"0.0": 2.4295997669971796, "0.38461538461538464": 3.0951463588346053, "0.7692307692307693": 3.7734606966191215, "1.153846153846154": 4.74366209421526, "1.5384615384615385": 5.907399321431878, "1.9230769230769231": 7.458331950729409, "2.307692307692308": 9.237272013266066, "2.6923076923076925": 11.185801939537626, "3.076923076923077": 13.16260518406417, "3.4615384615384617": 14.965831267386028, "3.8461538461538463": 16.236764276481527, "4.230769230769231": 16.4070348949198, "4.615384615384616": 15.860960711985037, "5.0": 14.46153952233874}, "2.153846153846154": {"0.0": 2.35732297658441, "0.38461538461538464": 2.8776448999618927, "0.7692307692307693": 3.500305027464294, "1.153846153846154": 4.3934628721549, "1.5384615384615385": 5.454214193830602, "1.9230769230769231": 6.690568943049154, "2.307692307692308": 8.281962113452336, "2.6923076923076925": 9.8032193587104, "3.076923076923077": 11.568332369840688, "3.4615384615384617": 13.002733395625764, "3.8461538461538463": 13.929306428425692, "4.230769230769231": 14.063657289693209, "4.615384615384616": 13.586797297981937, "5.0": 12.544508622630875}, "2.4615384615384617": {"0.0": 2.1784986808246556, "0.38461538461538464": 2.65423279380771, "0.7692307692307693": 3.221676591749393, "1.153846153846154": 4.0323505495325325, "1.5384615384615385": 4.991384696841257, "1.9230769230769231": 6.103214170838121, "2.307692307692308": 7.330118735969082, "2.6923076923076925": 8.654925808602458, "3.076923076923077": 9.78453448584615, "3.4615384615384617": 11.03906413688724, "3.8461538461538463": 11.644838124193752, "4.230769230769231": 11.967480598404293, "4.615384615384616": 11.54438107760842, "5.0": 10.645966493087643}, "2.769230769230769": {"0.0": 2.0006254348245003, "0.38461538461538464": 2.432109326905721, "0.7692307692307693": 2.9439395586026618, "1.153846153846154": 3.6744863028448957, "1.5384615384615385": 4.384500214658925, "1.9230769230769231": 5.34949046988364, "2.307692307692308": 6.248710502585122, "2.6923076923076925": 7.37170003534361, "3.076923076923077": 8.31795015223477, "3.4615384615384617": 9.18653270953408, "3.8461538461538463": 9.69521919712381, "4.230769230769231": 9.772117423994617, "4.615384615384616": 9.619521767876947, "5.0": 8.839628631698156}, "3.076923076923077": {"0.0": 1.8262088639741254, "0.38461538461538464": 2.2148631968247297, "0.7692307692307693": 2.6723984320267884, "1.153846153846154": 3.20446904772823, "1.5384615384615385": 3.8129623603575062, "1.9230769230769231": 4.649363862763219, "2.307692307692308": 5.408128886233377, "2.6923076923076925": 6.2070931711399595, "3.076923076923077": 6.988074883214768, "3.4615384615384617": 7.519988646337618, "3.8461538461538463": 7.934744371092959, "4.230769230769231": 8.19450900151148, "4.615384615384616": 7.87892822261776, "5.0": 7.417786128748698}, "3.384615384615385": {"0.0": 1.7382408160548712, "0.38461538461538464": 2.0067370833922182, "0.7692307692307693": 2.4135897277325573, "1.153846153846154": 2.883674815800386, "1.5384615384615385": 3.4154898875432362, "1.9230769230769231": 4.008213896841096, "2.307692307692308": 4.649363862763219, "2.6923076923076925": 5.1527598939347055, "3.076923076923077": 5.809035514092491, "3.4615384615384617": 6.24560860852354, "3.8461538461538463": 6.584990163645906, "4.230769230769231": 6.627158773220599, "4.615384615384616": 6.543354798739349, "5.0": 6.169049856491709}, "3.6923076923076925": {"0.0": 1.5735997007968454, "0.38461538461538464": 1.8094965860959114, "0.7692307692307693": 2.1698169754393106, "1.153846153846154": 2.582809130725628, "1.5384615384615385": 2.9318781168872783, "1.9230769230769231": 3.431878515414767, "2.307692307692308": 3.97140586654706, "2.6923076923076925": 4.384500214658925, "3.076923076923077": 4.776292865055995, "3.4615384615384617": 5.126288056152277, "3.8461538461538463": 5.410600064104172, "4.230769230769231": 5.44168143025976, "4.615384615384616": 5.3798717376683864, "5.0": 5.069668570015093}, "4.0": {"0.0": 1.4189238532042934, "0.38461538461538464": 1.6254156050633999, "0.7692307692307693": 1.9437438908467506, "1.153846153846154": 2.2089758703225075, "1.5384615384615385": 2.603947724819533, "1.9230769230769231": 2.921822621608443, "2.307692307692308": 3.3743103899372655, "2.6923076923076925": 3.7112450219817608, "3.076923076923077": 4.0323505495325325, "3.4615384615384617": 4.321901835707276, "3.8461538461538463": 4.410593264723211, "4.230769230769231": 4.433337827311729, "4.615384615384616": 4.388080885959894, "5.0": 4.132698425844227}}