{"0.0": {"0.0": 17.294292751593186, "0.38461538461538464": 19.21925346565117, "0.7692307692307693": 20.11539426596026, "1.153846153846154": 19.609617372493734, "1.5384615384615385": 18.06833021577129, "1.9230769230769231": 15.796062220946606, "2.307692307692308": 13.113745574869256, "2.6923076923076925": 10.660071947526554, "3.076923076923077": 8.398235383731569, "3.4615384615384617": 6.644177826171868, "3.8461538461538463": 5.329026458902209, "4.230769230769231": 4.095194882820027, "4.615384615384616": 3.2239103906233897, "5.0": 2.6254351851348177}, "0.3076923076923077": {"0.0": 18.488742757458972, "0.38461538461538464": 20.658746878441633, "0.7692307692307693": 21.548172656235437, "1.153846153846154": 21.02869489082049, "1.5384615384615385": 19.263153797547798, "1.9230769230769231": 16.757370288526534, "2.307692307692308": 13.94529284275983, "2.6923076923076925": 11.166771764108539, "3.076923076923077": 8.807859637415685, "3.4615384615384617": 6.96975254457278, "3.8461538461538463": 5.4267179314933305, "4.230769230769231": 4.30804115788479, "4.615384615384616": 3.3944768989028207, "5.0": 2.6579283733867536}, "0.6153846153846154": {"0.0": 19.10604353547772, "0.38461538461538464": 21.192381875845633, "0.7692307692307693": 22.13820202257814, "1.153846153846154": 21.621502657708884, "1.5384615384615385": 19.86037772803956, "1.9230769230769231": 17.197882275628583, "2.307692307692308": 14.11812611519594, "2.6923076923076925": 11.508639523043804, "3.076923076923077": 9.103194656562845, "3.4615384615384617": 7.028725092413779, "3.8461538461538463": 5.466804819203491, "4.230769230769231": 4.335851992018427, "4.615384615384616": 3.413678585794248, "5.0": 2.671151970651442}, "0.9230769230769231": {"0.0": 18.798735256435464, "0.38461538461538464": 20.93848447233109, "0.7692307692307693": 21.860470857790414, "1.153846153846154": 21.37146889383273, "1.5384615384615385": 19.573519925852704, "1.9230769230769231": 16.871561932616398, "2.307692307692308": 14.031177267629976, "2.6923076923076925": 11.2278974976727, "3.076923076923077": 8.850269285459015, "3.4615384615384617": 6.9991145992214046, "3.8461538461538463": 5.446687617822811, "4.230769230769231": 4.321901835707276, "4.615384615384616": 3.4040506641788078, "5.0": 2.664523765480509}, "1.2307692307692308": {"0.0": 17.7469192804309, "0.38461538461538464": 19.81444640520529, "0.7692307692307693": 20.678310414705116, "1.153846153846154": 20.181285749398523, "1.5384615384615385": 18.50527296425949, "1.9230769230769231": 16.216568998662957, "2.307692307692308": 13.484716316939183, "2.6923076923076925": 10.987323683065725, "3.076923076923077": 8.68303480837589, "3.4615384615384617": 6.699231074681804, "3.8461538461538463": 5.36767791390124, "4.230769230769231": 4.121211789765443, "4.615384615384616": 3.3660760099622165, "5.0": 2.6383366569010307}, "1.5384615384615385": {"0.0": 16.304446663566818, "0.38461538461538464": 18.028601516514552, "0.7692307692307693": 18.790282452716106, "1.153846153846154": 18.40653273193622, "1.5384615384615385": 16.864379379601086, "1.9230769230769231": 14.87688886328599, "2.307692307692308": 12.512853004512472, "2.6923076923076925": 10.162419368542187, "3.076923076923077": 8.20621890745729, "3.4615384615384617": 6.510423680073434, "3.8461538461538463": 5.073030445592606, "4.230769230769231": 4.031567411376778, "4.615384615384616": 3.179814921761373, "5.0": 2.5937268607107873}, "1.8461538461538463": {"0.0": 14.461539522338736, "0.38461538461538464": 15.860960711985037, "0.7692307692307693": 16.4070348949198, "1.153846153846154": 16.236764276481527, "1.5384615384615385": 14.965831267386028, "1.9230769230769231": 13.16260518406417, "2.307692307692308": 11.185801939537626, "2.6923076923076925": 9.237272013266066, "3.076923076923077": 7.458331950729409, "3.4615384615384617": 5.907399321431878, "3.8461538461538463": 4.74366209421526, "4.230769230769231": 3.7734606966191224, "4.615384615384616": 3.0951463588346053, "5.0": 2.4295997669971796}, "2.153846153846154": {"0.0": 12.544508622630875, "0.38461538461538464": 13.586797297981937, "0.7692307692307693": 14.063657289693209, "1.153846153846154": 13.929306428425692, "1.5384615384615385": 13.002733395625764, "1.9230769230769231": 11.568332369840688, "2.307692307692308": 9.8032193587104, "2.6923076923076925": 8.281962113452336, "3.076923076923077": 6.690568943049154, "3.4615384615384617": 5.454214193830602, "3.8461538461538463": 4.3934628721549, "4.230769230769231": 3.500305027464294, "4.615384615384616": 2.8776448999618927, "5.0": 2.35732297658441}, "2.4615384615384617": {"0.0": 10.645966493087643, "0.38461538461538464": 11.54438107760842, "0.7692307692307693": 11.967480598404293, "1.153846153846154": 11.644838124193752, "1.5384615384615385": 11.03906413688724, "1.9230769230769231": 9.78453448584615, "2.307692307692308": 8.654925808602458, "2.6923076923076925": 7.330118735969082, "3.076923076923077": 6.103214170838121, "3.4615384615384617": 4.991384696841257, "3.8461538461538463": 4.0323505495325325, "4.230769230769231": 3.221676591749394, "4.615384615384616": 2.65423279380771, "5.0": 2.1784986808246556}, "2.769230769230769": {"0.0": 8.839628631698156, "0.38461538461538464": 9.619521767876947, "0.7692307692307693": 9.772117423994617, "1.153846153846154": 9.69521919712381, "1.5384615384615385": 9.18653270953408, "1.9230769230769231": 8.31795015223477, "2.307692307692308": 7.37170003534361, "2.6923076923076925": 6.248710502585122, "3.076923076923077": 5.34949046988364, "3.4615384615384617": 4.384500214658925, "3.8461538461538463": 3.6744863028448957, "4.230769230769231": 2.943939558602663, "4.615384615384616": 2.432109326905721, "5.0": 2.0006254348245003}, "3.076923076923077": {"0.0": 7.417786128748698, "0.38461538461538464": 7.87892822261776, "0.7692307692307693": 8.19450900151148, "1.153846153846154": 7.934744371092959, "1.5384615384615385": 7.519988646337618, "1.9230769230769231": 6.988074883214768, "2.307692307692308": 6.2070931711399595, "2.6923076923076925": 5.408128886233377, "3.076923076923077": 4.649363862763219, "3.4615384615384617": 3.8129623603575076, "3.8461538461538463": 3.20446904772823, "4.230769230769231": 2.6723984320267897, "4.615384615384616": 2.2148631968247297, "5.0": 1.8262088639741254}, "3.384615384615385": {"0.0": 6.169049856491709, "0.38461538461538464": 6.543354798739349, "0.7692307692307693": 6.627158773220599, "1.153846153846154": 6.584990163645906, "1.5384615384615385": 6.24560860852354, "1.9230769230769231": 5.809035514092491, "2.307692307692308": 5.1527598939347055, "2.6923076923076925": 4.649363862763219, "3.076923076923077": 4.008213896841096, "3.4615384615384617": 3.4154898875432362, "3.8461538461538463": 2.883674815800386, "4.230769230769231": 2.4135897277325586, "4.615384615384616": 2.0067370833922182, "5.0": 1.7382408160548712}, "3.6923076923076925": {"0.0": 5.069668570015093, "0.38461538461538464": 5.3798717376683864, "0.7692307692307693": 5.44168143025976, "1.153846153846154": 5.410600064104172, "1.5384615384615385": 5.126288056152277, "1.9230769230769231": 4.776292865055995, "2.307692307692308": 4.384500214658925, "2.6923076923076925": 3.97140586654706, "3.076923076923077": 3.431878515414767, "3.4615384615384617": 2.9318781168872783, "3.8461538461538463": 2.582809130725628, "4.230769230769231": 2.1698169754393115, "4.615384615384616": 1.8094965860959114, "5.0": 1.5735997007968454}, "4.0": {"0.0": 4.132698425844227, "0.38461538461538464": 4.388080885959894, "0.7692307692307693": 4.433337827311729, "1.153846153846154": 4.410593264723211, "1.5384615384615385": 4.321901835707276, "1.9230769230769231": 4.0323505495325325, "2.307692307692308": 3.7112450219817608, "2.6923076923076925": 3.3743103899372655, "3.076923076923077": 2.921822621608443, "3.4615384615384617": 2.603947724819533, "3.8461538461538463": 2.2089758703225075, "4.230769230769231": 1.9437438908467506, "4.615384615384616": 1.6254156050633999, "5.0": 1.4189238532042934}}