{"0.0": {"0.0": 12.475300672662623, "0.625": 17.984993349935365, "1.25": 21.429145036493548, "1.875": 19.223046036517463, "2.5": 13.74651611731464, "3.125": 8.920858120190386, "3.75": 5.246174174694849, "4.375": 3.277277359618465, "5.0": 2.1467203633237624, "5.625": 1.4052033641222872, "6.25": 0.9828442752544996, "6.875": 0.6898795622473132, "7.5": 0.5273071075974145, "8.125": 0.40725418541090314, "8.75": 0.2871301529906421, "9.375": 0.2473183604173718, "10.0": 0.1935809477683347}, "0.75": {"0.0": 21.02652213984617, "0.625": 34.98609190808574, "1.25": 45.49554095959548, "1.875": 38.976924153861695, "2.5": 24.10036718642104, "3.125": 13.385805404792777, "3.75": 7.084750729556594, "4.375": 4.112183849525551, "5.0": 2.499106292226331, "5.625": 1.6141674366680088, "6.25": 1.1189463727711457, "6.875": 0.7825677703296348, "7.5": 0.5486787698178508, "8.125": 0.42105748141616334, "8.75": 0.3257582938785104, "9.375": 0.25341532788235693, "10.0": 0.19771788877768487}, "1.5": {"0.0": 25.393904395013294, "0.625": 46.87486438743093, "1.25": 63.38199434723409, "1.875": 52.99015431902913, "2.5": 30.60186236866223, "3.125": 15.57875525305844, "3.75": 8.181399150735396, "4.375": 4.513533758338689, "5.0": 2.5840045407605685, "5.625": 1.656140618153774, "6.25": 1.1418311311931693, "6.875": 0.7954496216348039, "7.5": 0.5560911911229954, "8.125": 0.4258039027402079, "8.75": 0.32886618256961875, "9.375": 0.25548673410869716, "10.0": 0.1991173641318926}, "2.25": {"0.0": 20.392317891692784, "0.625": 34.78345188300459, "1.25": 44.58778224295554, "1.875": 38.738199460691064, "2.5": 23.986106925175726, "3.125": 13.340193970109205, "3.75": 7.067509545207393, "4.375": 4.10488318314656, "5.0": 2.4957763638944215, "5.625": 1.6125078486965354, "6.25": 1.1180364088779693, "6.875": 0.7820534593397952, "7.5": 0.5483819308059749, "8.125": 0.4208669681375688, "8.75": 0.32563332587119376, "9.375": 0.2533319193274481, "10.0": 0.19766147282738997}, "3.0": {"0.0": 12.393645397361505, "0.625": 17.84026031123041, "1.25": 21.239832037534786, "1.875": 19.06228222899186, "2.5": 13.650654840721673, "3.125": 8.872552374304275, "3.75": 5.224620246906049, "4.375": 3.2670220302077944, "5.0": 2.141524842640733, "5.625": 1.4025229735934464, "6.25": 0.9813386179828852, "6.875": 0.6890158415148846, "7.5": 0.5267590511234764, "8.125": 0.3713213599376515, "8.75": 0.2869160851155783, "9.375": 0.24715952347901693, "10.0": 0.19347281769920754}}