{"Dim": [4, 5, 3], "Lamp": [{"x": 0.6666666666666666, "y": 0.8333333333333334, "z": 2.9}], "Plano": 0.07}