{"Dim": [4, 5, 3], "Lamp": [{"x": 3.3333333333333335, "y": 4.166666666666667, "z": 2.9}], "Plano": 0.07}