{"/dc=0.5/n_bits=19/sig_amp=1e-6/noise_amp=1e-6": [0.0, 0.0, 0.0, 0.0, 0.0, 0.0, 0.0, 0.0, 0.0, 0.0], "/dc=0.5/n_bits=19/sig_amp=1e-6/noise_amp=5e-6": [0.10526315789473684, 0.10526315789473684, 0.21052631578947367, 0.15789473684210525, 0.0, 0.21052631578947367, 0.05263157894736842, 0.0, 0.05263157894736842, 0.21052631578947367], "/dc=0.5/n_bits=19/sig_amp=5e-6/noise_amp=1e-6": [0.0, 0.0, 0.0, 0.0, 0.0, 0.0, 0.0, 0.0, 0.0, 0.0], "/dc=0.5/n_bits=19/sig_amp=5e-6/noise_amp=5e-6": [0.0, 0.0, 0.0, 0.0, 0.0, 0.0, 0.05263157894736842, 0.0, 0.0, 0.0], "/dc=0.5/n_bits=19/sig_amp=1e-6/noise_amp=1e-7": [0.0, 0.0, 0.0, 0.0, 0.0, 0.0, 0.0, 0.0, 0.0, 0.0], "/dc=0.5/n_bits=19/sig_amp=1e-6/noise_amp=5e-7": [0.0, 0.0, 0.0, 0.0, 0.0, 0.0, 0.0, 0.0, 0.0, 0.0], "/dc=0.5/n_bits=19/sig_amp=5e-6/noise_amp=1e-7": [0.0, 0.0, 0.0, 0.0, 0.0, 0.0, 0.0, 0.0, 0.0, 0.0], "/dc=0.5/n_bits=19/sig_amp=5e-6/noise_amp=5e-7": [0.0, 0.0, 0.0, 0.0, 0.0, 0.0, 0.0, 0.0, 0.0, 0.0], "/dc=0.5/n_bits=19/sig_amp=1e-6/noise_amp=1e-8": [0.0, 0.0, 0.0, 0.0, 0.0, 0.0, 0.0, 0.0, 0.0, 0.0], "/dc=0.5/n_bits=19/sig_amp=1e-6/noise_amp=5e-8": [0.0, 0.0, 0.0, 0.0, 0.0, 0.0, 0.0, 0.0, 0.0, 0.0], "/dc=0.5/n_bits=19/sig_amp=5e-6/noise_amp=1e-8": [0.0, 0.0, 0.0, 0.0, 0.0, 0.0, 0.0, 0.0, 0.0, 0.0], "/dc=0.5/n_bits=19/sig_amp=5e-6/noise_amp=5e-8": [0.0, 0.0, 0.0, 0.0, 0.0, 0.0, 0.0, 0.0, 0.0, 0.0], "/dc=0.5/n_bits=19/sig_amp=1e-7/noise_amp=1e-6": [0.3157894736842105, 0.2631578947368421, 0.3684210526315789, 0.3157894736842105, 0.3684210526315789, 0.15789473684210525, 0.47368421052631576, 0.15789473684210525, 0.2631578947368421, 0.2631578947368421], "/dc=0.5/n_bits=19/sig_amp=1e-7/noise_amp=5e-6": [0.3157894736842105, 0.42105263157894735, 0.3684210526315789, 0.42105263157894735, 0.42105263157894735, 0.3157894736842105, 0.3157894736842105, 0.5263157894736842, 0.631578947368421, 0.5263157894736842], "/dc=0.5/n_bits=19/sig_amp=5e-7/noise_amp=1e-6": [0.05263157894736842, 0.0, 0.0, 0.0, 0.0, 0.0, 0.0, 0.05263157894736842, 0.0, 0.05263157894736842], "/dc=0.5/n_bits=19/sig_amp=5e-7/noise_amp=5e-6": [0.2631578947368421, 0.3157894736842105, 0.42105263157894735, 0.15789473684210525, 0.05263157894736842, 0.3684210526315789, 0.3684210526315789, 0.3684210526315789, 0.2631578947368421, 0.15789473684210525], "/dc=0.5/n_bits=19/sig_amp=1e-7/noise_amp=1e-7": [0.05263157894736842, 0.0, 0.0, 0.0, 0.0, 0.0, 0.0, 0.0, 0.0, 0.0], "/dc=0.5/n_bits=19/sig_amp=1e-7/noise_amp=5e-7": [0.05263157894736842, 0.10526315789473684, 0.21052631578947367, 0.2631578947368421, 0.05263157894736842, 0.15789473684210525, 0.15789473684210525, 0.05263157894736842, 0.05263157894736842, 0.05263157894736842], "/dc=0.5/n_bits=19/sig_amp=5e-7/noise_amp=1e-7": [0.0, 0.0, 0.0, 0.0, 0.0, 0.0, 0.0, 0.0, 0.0, 0.0], "/dc=0.5/n_bits=19/sig_amp=5e-7/noise_amp=5e-7": [0.0, 0.0, 0.0, 0.0, 0.0, 0.0, 0.0, 0.0, 0.0, 0.0], "/dc=0.5/n_bits=19/sig_amp=1e-7/noise_amp=1e-8": [0.0, 0.0, 0.0, 0.0, 0.0, 0.0, 0.0, 0.0, 0.0, 0.0], "/dc=0.5/n_bits=19/sig_amp=1e-7/noise_amp=5e-8": [0.0, 0.0, 0.0, 0.0, 0.0, 0.0, 0.0, 0.0, 0.0, 0.0], "/dc=0.5/n_bits=19/sig_amp=5e-7/noise_amp=1e-8": [0.0, 0.0, 0.0, 0.0, 0.0, 0.0, 0.0, 0.0, 0.0, 0.0], "/dc=0.5/n_bits=19/sig_amp=5e-7/noise_amp=5e-8": [0.0, 0.0, 0.0, 0.0, 0.0, 0.0, 0.0, 0.0, 0.0, 0.0], "/dc=0.5/n_bits=19/sig_amp=1e-8/noise_amp=1e-6": [0.5789473684210527, 0.42105263157894735, 0.631578947368421, 0.42105263157894735, 0.42105263157894735, 0.3684210526315789, 0.6842105263157895, 0.6842105263157895, 0.5263157894736842, 0.3684210526315789], "/dc=0.5/n_bits=19/sig_amp=1e-8/noise_amp=5e-6": [0.42105263157894735, 0.3157894736842105, 0.47368421052631576, 0.47368421052631576, 0.42105263157894735, 0.3157894736842105, 0.631578947368421, 0.47368421052631576, 0.631578947368421, 0.5789473684210527], "/dc=0.5/n_bits=19/sig_amp=5e-8/noise_amp=1e-6": [0.3684210526315789, 0.42105263157894735, 0.3157894736842105, 0.5789473684210527, 0.42105263157894735, 0.5263157894736842, 0.47368421052631576, 0.2631578947368421, 0.21052631578947367, 0.3684210526315789], "/dc=0.5/n_bits=19/sig_amp=5e-8/noise_amp=5e-6": [0.3684210526315789, 0.5789473684210527, 0.3157894736842105, 0.3684210526315789, 0.3684210526315789, 0.3684210526315789, 0.47368421052631576, 0.2631578947368421, 0.5789473684210527, 0.42105263157894735], "/dc=0.5/n_bits=19/sig_amp=1e-8/noise_amp=1e-7": [0.2631578947368421, 0.2631578947368421, 0.21052631578947367, 0.42105263157894735, 0.21052631578947367, 0.21052631578947367, 0.15789473684210525, 0.21052631578947367, 0.2631578947368421, 0.15789473684210525], "/dc=0.5/n_bits=19/sig_amp=1e-8/noise_amp=5e-7": [0.6842105263157895, 0.3684210526315789, 0.2631578947368421, 0.42105263157894735, 0.2631578947368421, 0.47368421052631576, 0.47368421052631576, 0.15789473684210525, 0.42105263157894735, 0.21052631578947367], "/dc=0.5/n_bits=19/sig_amp=5e-8/noise_amp=1e-7": [0.0, 0.0, 0.05263157894736842, 0.0, 0.0, 0.0, 0.0, 0.0, 0.0, 0.0], "/dc=0.5/n_bits=19/sig_amp=5e-8/noise_amp=5e-7": [0.3157894736842105, 0.2631578947368421, 0.3157894736842105, 0.3157894736842105, 0.42105263157894735, 0.15789473684210525, 0.21052631578947367, 0.21052631578947367, 0.3157894736842105, 0.3157894736842105], "/dc=0.5/n_bits=19/sig_amp=1e-8/noise_amp=1e-8": [0.0, 0.0, 0.0, 0.0, 0.0, 0.0, 0.0, 0.0, 0.0, 0.0, 0.0, 0.05263157894736842, 0.0, 0.0, 0.0, 0.0, 0.0, 0.05263157894736842, 0.0, 0.0], "/dc=0.5/n_bits=19/sig_amp=1e-8/noise_amp=5e-8": [0.0, 0.15789473684210525, 0.10526315789473684, 0.15789473684210525, 0.15789473684210525, 0.15789473684210525, 0.21052631578947367, 0.15789473684210525, 0.0, 0.21052631578947367], "/dc=0.5/n_bits=19/sig_amp=5e-8/noise_amp=1e-8": [0.0, 0.0, 0.0, 0.0, 0.0, 0.0, 0.0, 0.0, 0.0, 0.0], "/dc=0.5/n_bits=19/sig_amp=5e-8/noise_amp=5e-8": [0.0, 0.05263157894736842, 0.0, 0.0, 0.0, 0.0, 0.0, 0.0, 0.0, 0.0], "n_samples=10/dc=0.5/n_bits=99/sig_amp=1e-6/noise_amp=1e-6": [0.0], "n_samples=10/dc=0.5/n_bits=49/sig_amp=5e-8/noise_amp=0e-8": [0.0], "n_samples=10/dc=0.5/n_bits=49/sig_amp=1e-8/noise_amp=0e-8": [0.0], "n_samples=10/dc=0.5/n_bits=49/sig_amp=5e-8/noise_amp=5e-8": [0.0], "n_samples=10/dc=0.5/n_bits=49/sig_amp=5e-8/noise_amp=1e-7": [0.02040816326530612, 0.0], "n_samples=10/dc=0.5/n_bits=49/sig_amp=5e-8/noise_amp=5e-7": [0.42857142857142855]}