{"0.0": {"0.0": 180, "0.38461538461538464": 183, "0.7692307692307693": 190, "1.153846153846154": 207, "1.5384615384615385": 216, "1.9230769230769231": 216, "2.307692307692308": 216, "2.6923076923076925": 222, "3.076923076923077": 215, "3.4615384615384617": 214, "3.8461538461538463": 206, "4.230769230769231": 195, "4.615384615384616": 187, "5.0": 172}, "0.3076923076923077": {"0.0": 176, "0.38461538461538464": 184, "0.7692307692307693": 196, "1.153846153846154": 211, "1.5384615384615385": 219, "1.9230769230769231": 221, "2.307692307692308": 222, "2.6923076923076925": 223, "3.076923076923077": 223, "3.4615384615384617": 225, "3.8461538461538463": 213, "4.230769230769231": 200, "4.615384615384616": 189, "5.0": 175}, "0.6153846153846154": {"0.0": 180, "0.38461538461538464": 185, "0.7692307692307693": 199, "1.153846153846154": 215, "1.5384615384615385": 230, "1.9230769230769231": 228, "2.307692307692308": 230, "2.6923076923076925": 231, "3.076923076923077": 230, "3.4615384615384617": 227, "3.8461538461538463": 220, "4.230769230769231": 208, "4.615384615384616": 194, "5.0": 186}, "0.9230769230769231": {"0.0": 189, "0.38461538461538464": 194, "0.7692307692307693": 208, "1.153846153846154": 227, "1.5384615384615385": 237, "1.9230769230769231": 240, "2.307692307692308": 240, "2.6923076923076925": 242, "3.076923076923077": 245, "3.4615384615384617": 239, "3.8461538461538463": 232, "4.230769230769231": 218, "4.615384615384616": 202, "5.0": 192}, "1.2307692307692308": {"0.0": 206, "0.38461538461538464": 210, "0.7692307692307693": 227, "1.153846153846154": 254, "1.5384615384615385": 264, "1.9230769230769231": 270, "2.307692307692308": 265, "2.6923076923076925": 264, "3.076923076923077": 269, "3.4615384615384617": 268, "3.8461538461538463": 256, "4.230769230769231": 236, "4.615384615384616": 216, "5.0": 204}, "1.5384615384615385": {"0.0": 225, "0.38461538461538464": 238, "0.7692307692307693": 259, "1.153846153846154": 293, "1.5384615384615385": 310, "1.9230769230769231": 318, "2.307692307692308": 313, "2.6923076923076925": 314, "3.076923076923077": 315, "3.4615384615384617": 313, "3.8461538461538463": 296, "4.230769230769231": 271, "4.615384615384616": 242, "5.0": 226}, "1.8461538461538463": {"0.0": 252, "0.38461538461538464": 270, "0.7692307692307693": 300, "1.153846153846154": 343, "1.5384615384615385": 377, "1.9230769230769231": 382, "2.307692307692308": 378, "2.6923076923076925": 378, "3.076923076923077": 379, "3.4615384615384617": 377, "3.8461538461538463": 353, "4.230769230769231": 318, "4.615384615384616": 281, "5.0": 259}, "2.153846153846154": {"0.0": 283, "0.38461538461538464": 315, "0.7692307692307693": 353, "1.153846153846154": 414, "1.5384615384615385": 464, "1.9230769230769231": 469, "2.307692307692308": 463, "2.6923076923076925": 428, "3.076923076923077": 460, "3.4615384615384617": 461, "3.8461538461538463": 424, "4.230769230769231": 372, "4.615384615384616": 325, "5.0": 293}, "2.4615384615384617": {"0.0": 309, "0.38461538461538464": 357, "0.7692307692307693": 424, "1.153846153846154": 502, "1.5384615384615385": 573, "1.9230769230769231": 578, "2.307692307692308": 559, "2.6923076923076925": 557, "3.076923076923077": 564, "3.4615384615384617": 571, "3.8461538461538463": 518, "4.230769230769231": 439, "4.615384615384616": 369, "5.0": 323}, "2.769230769230769": {"0.0": 323, "0.38461538461538464": 404, "0.7692307692307693": 504, "1.153846153846154": 620, "1.5384615384615385": 707, "1.9230769230769231": 691, "2.307692307692308": 664, "2.6923076923076925": 664, "3.076923076923077": 685, "3.4615384615384617": 709, "3.8461538461538463": 633, "4.230769230769231": 511, "4.615384615384616": 412, "5.0": 341}, "3.076923076923077": {"0.0": 302, "0.38461538461538464": 402, "0.7692307692307693": 574, "1.153846153846154": 752, "1.5384615384615385": 852, "1.9230769230769231": 802, "2.307692307692308": 724, "2.6923076923076925": 733, "3.076923076923077": 815, "3.4615384615384617": 853, "3.8461538461538463": 752, "4.230769230769231": 570, "4.615384615384616": 414, "5.0": 315}, "3.384615384615385": {"0.0": 253, "0.38461538461538464": 356, "0.7692307692307693": 552, "1.153846153846154": 794, "1.5384615384615385": 904, "1.9230769230769231": 847, "2.307692307692308": 705, "2.6923076923076925": 705, "3.076923076923077": 846, "3.4615384615384617": 907, "3.8461538461538463": 795, "4.230769230769231": 560, "4.615384615384616": 366, "5.0": 271}, "3.6923076923076925": {"0.0": 122, "0.38461538461538464": 210, "0.7692307692307693": 373, "1.153846153846154": 608, "1.5384615384615385": 669, "1.9230769230769231": 570, "2.307692307692308": 414, "2.6923076923076925": 423, "3.076923076923077": 393, "3.4615384615384617": 672, "3.8461538461538463": 597, "4.230769230769231": 366, "4.615384615384616": 203, "5.0": 127}, "4.0": {"0.0": 65, "0.38461538461538464": 72, "0.7692307692307693": 71, "1.153846153846154": 70, "1.5384615384615385": 67, "1.9230769230769231": 67, "2.307692307692308": 68, "2.6923076923076925": 68, "3.076923076923077": 68, "3.4615384615384617": 69, "3.8461538461538463": 78, "4.230769230769231": 76, "4.615384615384616": 74, "5.0": 63}}