{"0.0": {"0.0": [27.783085868223782], "0.3885714285714286": [30.62768145592357], "0.7771428571428572": [28.04517730107748], "1.165714285714286": [21.50973357249961], "1.5542857142857145": [14.800348230400958], "1.942857142857143": [9.981572297787974], "2.331428571428572": [6.4127714210669975], "2.72": [4.266649250626713]}, "0.2542857142857143": {"0.0": [29.021594283042386], "0.3885714285714286": [31.980171695751352], "0.7771428571428572": [29.04359649274732], "1.165714285714286": [22.221784045021685], "1.5542857142857145": [15.352902193351708], "1.942857142857143": [10.101732638649889], "2.331428571428572": [6.692790674375759], "2.72": [4.4693638573331596]}, "0.5085714285714286": {"0.0": [27.742686366015853], "0.3885714285714286": [30.580765290263667], "0.7771428571428572": [27.763249697609183], "1.165714285714286": [21.482535486752237], "1.5542857142857145": [14.784991723631363], "1.942857142857143": [9.97329560620037], "2.331428571428572": [6.408545434624672], "2.72": [4.264401528748889]}, "0.7628571428571429": {"0.0": [24.76580651029887], "0.3885714285714286": [27.09607199315317], "0.7771428571428572": [24.783035144079125], "1.165714285714286": [19.43122415640938], "1.5542857142857145": [13.815254297275045], "1.942857142857143": [9.357670209618592], "2.331428571428572": [6.22397476976978], "2.72": [4.165648424221154]}, "1.0171428571428571": {"0.0": [20.739114446051023], "0.3885714285714286": [22.309161437233257], "0.7771428571428572": [20.752206762129962], "1.165714285714286": [16.624953916729595], "1.5542857142857145": [11.991142210064002], "1.942857142857143": [8.335281414107005], "2.331428571428572": [5.737174151073007], "2.72": [3.8524266883393814]}, "1.2714285714285714": {"0.0": [16.60330419141432], "0.3885714285714286": [17.911626902283526], "0.7771428571428572": [16.61258549151778], "1.165714285714286": [13.421664263418254], "1.5542857142857145": [10.126131866402037], "1.942857142857143": [7.2617586593241], "2.331428571428572": [5.01740424152978], "2.72": [3.5141210539258676]}, "1.5257142857142858": {"0.0": [12.725016944897543], "0.3885714285714286": [13.78745877657916], "0.7771428571428572": [12.731218304625212], "1.165714285714286": [10.747851935787226], "1.5542857142857145": [8.359679120050444], "1.942857142857143": [6.217908549535123], "2.331428571428572": [4.487036093429923], "2.72": [3.1665081908409007]}, "1.78": {"0.0": [9.94534347538014], "0.3885714285714286": [10.240798198810568], "0.7771428571428572": [9.949534008703887], "1.165714285714286": [8.41867152278545], "1.5542857142857145": [6.767934029393585], "1.942857142857143": [5.057507955231884], "2.331428571428572": [3.8122783158627622], "2.72": [2.8250053645809188]}}