{"0.0": {"0.0": [9.844535026214], "0.45333333333333337": [10.329648625662342], "0.9066666666666667": [9.30143582740747], "1.36": [7.599812465703197], "1.8133333333333335": [5.690044469176656], "2.2666666666666666": [4.088056750092362], "2.72": [2.855197766601769]}, "0.2966666666666667": {"0.0": [13.34760117785621], "0.45333333333333337": [14.003554963086444], "0.9066666666666667": [12.31116464337233], "1.36": [9.743767609744472], "1.8133333333333335": [6.821049973824037], "2.2666666666666666": [4.842581760337367], "2.72": [3.2207575869369323]}, "0.5933333333333334": {"0.0": [17.351082247738532], "0.45333333333333337": [18.4590532183106], "0.9066666666666667": [16.062669998748987], "1.36": [12.151622959342165], "1.8133333333333335": [8.274054664570222], "2.2666666666666666": [5.443403103548285], "2.72": [3.583693792394943]}, "0.8900000000000001": {"0.0": [21.706623833839515], "0.45333333333333337": [23.317067251027183], "0.9066666666666667": [19.89088856003003], "1.36": [14.630185029968958], "1.8133333333333335": [9.721710720707943], "2.2666666666666666": [6.207578164385802], "2.72": [3.923285527658836]}, "1.1866666666666668": {"0.0": [25.446892632050876], "0.45333333333333337": [27.36772484459214], "0.9066666666666667": [23.287598722695837], "1.36": [16.541853361854454], "1.8133333333333335": [10.518151926156884], "2.2666666666666666": [6.682328245563009], "2.72": [4.212490473470543]}, "1.4833333333333334": {"0.0": [27.106555249783483], "0.45333333333333337": [29.1699954119939], "0.9066666666666667": [24.768370130586746], "1.36": [17.2949527970233], "1.8133333333333335": [11.015817798493504], "2.2666666666666666": [6.792391485698985], "2.72": [4.266265974734213]}, "1.7800000000000002": {"0.0": [26.201113819186858], "0.45333333333333337": [28.037278315835863], "0.9066666666666667": [23.82430457491823], "1.36": [16.71760898297463], "1.8133333333333335": [10.87565913144757], "2.2666666666666666": [6.72552743831784], "2.72": [4.233643892019809]}}