{"0.0": {"0.0": [26.242616344415246], "0.45333333333333337": [28.083421857434153], "0.9066666666666667": [23.86015761273691], "1.36": [16.73845439159867], "1.8133333333333335": [10.886320973036902], "2.2666666666666666": [6.730627475975946], "2.72": [4.2361372328802664]}, "0.2966666666666667": {"0.0": [27.099405488776632], "0.45333333333333337": [29.16199527429424], "0.9066666666666667": [24.52912841200398], "1.36": [17.291376306839737], "1.8133333333333335": [11.014032515041277], "2.2666666666666666": [6.791542244268548], "2.72": [4.265852546956358]}, "0.5933333333333334": {"0.0": [25.394316585975915], "0.45333333333333337": [27.143986142944655], "0.9066666666666667": [23.241848235994304], "1.36": [16.51485208148369], "1.8133333333333335": [10.504614936660026], "2.2666666666666666": [6.675659900038685], "2.72": [4.2092197603917505]}, "0.8900000000000001": {"0.0": [21.629334913045028], "0.45333333333333337": [23.23113155955412], "0.9066666666666667": [19.823273121169812], "1.36": [14.588311021612197], "1.8133333333333335": [9.699462149589323], "2.2666666666666666": [6.196431416316745], "2.72": [3.9177535156011403]}, "1.1866666666666668": {"0.0": [17.270947178298076], "0.45333333333333337": [18.37116768859242], "0.9066666666666667": [15.991472064642187], "1.36": [12.105460307816339], "1.8133333333333335": [8.24843224692782], "2.2666666666666666": [5.429951590269821], "2.72": [3.576645837594599]}, "1.4833333333333334": {"0.0": [13.277510484623512], "0.45333333333333337": [13.928069162089331], "0.9066666666666667": [12.24877355272757], "1.36": [9.700627520784584], "1.8133333333333335": [6.795892601614579], "2.2666666666666666": [4.6540150446074], "2.72": [3.2129377761816063]}, "1.7800000000000002": {"0.0": [9.78992373898759], "0.45333333333333337": [10.27105797772745], "0.9066666666666667": [9.251378204209002], "1.36": [7.563415467948004], "1.8133333333333335": [5.666845186776678], "2.2666666666666666": [3.919025028461159], "2.72": [2.847236280431286]}}