{"0.0": {"0.0": [2.850754733261214], "0.45333333333333337": [3.9288720686517826], "0.9066666666666667": [5.690910179820908], "1.36": [7.612062866656163], "1.8133333333333335": [9.33333706147974], "2.2666666666666666": [10.384679198885252], "2.72": [9.91233835021319]}, "0.2966666666666667": {"0.0": [3.2134565036218814], "0.45333333333333337": [4.660107739039816], "0.9066666666666667": [6.816119927548907], "1.36": [9.751299191084122], "1.8133333333333335": [12.631300214237518], "2.2666666666666666": [14.07309996298934], "2.72": [13.438466447590203]}, "0.5933333333333334": {"0.0": [3.5727869164971398], "0.45333333333333337": [5.429111577957224], "0.9066666666666667": [8.259276015445778], "1.36": [12.147479588432354], "1.8133333333333335": [16.09112158152115], "2.2666666666666666": [18.53742236166161], "2.72": [17.742797608591967]}, "0.8900000000000001": {"0.0": [3.908164047039656], "0.45333333333333337": [6.185033647675538], "0.9066666666666667": [9.692533976201508], "1.36": [14.605097733602054], "1.8133333333333335": [19.898726889218477], "2.2666666666666666": [23.38882581483517], "2.72": [22.106035768664075]}, "1.1866666666666668": {"0.0": [4.192878185556253], "0.45333333333333337": [6.651235876849183], "0.9066666666666667": [10.473075461876855], "1.36": [16.487938805885417], "1.8133333333333335": [23.257378714152658], "2.2666666666666666": [27.407781686940705], "2.72": [25.775675175948567]}, "1.4833333333333334": {"0.0": [4.24323676126615], "0.45333333333333337": [6.754283923212593], "0.9066666666666667": [10.955017229131412], "1.36": [17.21179052128719], "1.8133333333333335": [24.45883221159346], "2.2666666666666666": [29.112957912094096], "2.72": [27.338289192828388]}, "1.7800000000000002": {"0.0": [4.208098469219404], "0.45333333333333337": [6.682306324431099], "0.9066666666666667": [10.536300278661924], "1.36": [16.61455911932187], "1.8133333333333335": [23.473180855909213], "2.2666666666666666": [27.97179264760535], "2.72": [26.21574677136635]}}