{"0.0": {"0.0": [4.517556345438206], "0.45333333333333337": [7.139580024457933], "0.9066666666666667": [11.453384445421982], "1.36": [17.430123318031853], "1.8133333333333335": [24.431833643608556], "2.2666666666666666": [28.099139231911735], "2.72": [25.485968783925273]}, "0.2966666666666667": {"0.0": [4.553337769841674], "0.45333333333333337": [7.212622871698997], "0.9066666666666667": [11.605206472177919], "1.36": [18.008766572546328], "1.8133333333333335": [25.39009577122753], "2.2666666666666666": [29.27453711148416], "2.72": [26.606607488227294]}, "0.5933333333333334": {"0.0": [4.49436244842741], "0.45333333333333337": [7.092411070855252], "0.9066666666666667": [11.08712798125128], "1.36": [17.242455806605374], "1.8133333333333335": [23.88521710183574], "2.2666666666666666": [27.427271889128814], "2.72": [24.925495937613142]}, "0.8900000000000001": {"0.0": [4.18734762408662], "0.45333333333333337": [6.587396470579719], "0.9066666666666667": [10.239384477909432], "1.36": [15.249965400033734], "1.8133333333333335": [20.463147527805525], "2.2666666666666666": [23.363569214095993], "2.72": [21.47400539103964]}, "1.1866666666666668": {"0.0": [3.8261602024879875], "0.45333333333333337": [5.780556951251945], "0.9066666666666667": [8.714646029274933], "1.36": [12.686280966133511], "1.8133333333333335": [16.5647559544935], "2.2666666666666666": [18.491494251208696], "2.72": [17.186319314668612]}, "1.4833333333333334": {"0.0": [3.4367393365607932], "0.45333333333333337": [4.95689261519171], "0.9066666666666667": [7.19336992484993], "1.36": [9.918832947390221], "1.8133333333333335": [12.734115927924792], "2.2666666666666666": [14.024697360144195], "2.72": [12.94736537462948]}, "1.7800000000000002": {"0.0": [2.9176563044177453], "0.45333333333333337": [4.175617083256825], "0.9066666666666667": [5.8012651765795065], "1.36": [7.718550021252604], "1.8133333333333335": [9.388320858493872], "2.2666666666666666": [10.342867267588773], "2.72": [9.775699625747382]}}