{"n_samples=10/dc=0.2/n_bits=100/sig_amp=1.65e-06/noise_amp=0.0/lux=22.0/X=0.009/Y=1": [{"V(compideal)": 0.4, "V(compideal)_Trig": 0.4}], "n_samples=10/dc=0.30000000000000004/n_bits=100/sig_amp=1.65e-06/noise_amp=0.0/lux=22.0/X=0.009/Y=1": [{"V(compideal)": 0.48, "V(compideal)_Trig": 0.48}], "n_samples=10/dc=0.4/n_bits=100/sig_amp=1.65e-06/noise_amp=0.0/lux=22.0/X=0.009/Y=1": [{"V(compideal)": 0.45, "V(compideal)_Trig": 0.45}], "n_samples=10/dc=0.5/n_bits=100/sig_amp=1.65e-06/noise_amp=0.0/lux=22.0/X=0.009/Y=1": [{"V(compideal)": 0.51, "V(compideal)_Trig": 0.51}], "n_samples=10/dc=0.6000000000000001/n_bits=100/sig_amp=1.65e-06/noise_amp=0.0/lux=22.0/X=0.009/Y=1": [{"V(compideal)": 0.55, "V(compideal)_Trig": 0.55}], "n_samples=10/dc=0.7000000000000002/n_bits=100/sig_amp=1.65e-06/noise_amp=0.0/lux=22.0/X=0.009/Y=1": [{"V(compideal)": 0.44, "V(compideal)_Trig": 0.44}], "n_samples=10/dc=0.8/n_bits=100/sig_amp=1.65e-06/noise_amp=0.0/lux=22.0/X=0.009/Y=1": [{"V(compideal)": 0.45, "V(compideal)_Trig": 0.45}], "n_samples=10/dc=0.2/n_bits=100/sig_amp=1.65e-06/noise_amp=0.0/lux=22.0/X=0.011928571428571427/Y=1": [{"V(compideal)": 0.19, "V(compideal)_Trig": 0.19}], "n_samples=10/dc=0.30000000000000004/n_bits=100/sig_amp=1.65e-06/noise_amp=0.0/lux=22.0/X=0.011928571428571427/Y=1": [{"V(compideal)": 0.21, "V(compideal)_Trig": 0.0}], "n_samples=10/dc=0.4/n_bits=100/sig_amp=1.65e-06/noise_amp=0.0/lux=22.0/X=0.011928571428571427/Y=1": [{"V(compideal)": 0.0, "V(compideal)_Trig": 0.0}], "n_samples=10/dc=0.5/n_bits=100/sig_amp=1.65e-06/noise_amp=0.0/lux=22.0/X=0.011928571428571427/Y=1": [{"V(compideal)": 0.0, "V(compideal)_Trig": 0.0}], "n_samples=10/dc=0.6000000000000001/n_bits=100/sig_amp=1.65e-06/noise_amp=0.0/lux=22.0/X=0.011928571428571427/Y=1": [{"V(compideal)": 0.26, "V(compideal)_Trig": 0.26}], "n_samples=10/dc=0.7000000000000002/n_bits=100/sig_amp=1.65e-06/noise_amp=0.0/lux=22.0/X=0.011928571428571427/Y=1": [{"V(compideal)": 0.24, "V(compideal)_Trig": 0.24}], "n_samples=10/dc=0.8/n_bits=100/sig_amp=1.65e-06/noise_amp=0.0/lux=22.0/X=0.011928571428571427/Y=1": [{"V(compideal)": 0.47, "V(compideal)_Trig": 0.47}], "n_samples=10/dc=0.2/n_bits=100/sig_amp=1.65e-06/noise_amp=0.0/lux=22.0/X=0.014857142857142857/Y=1": [{"V(compideal)": 0.16, "V(compideal)_Trig": 0.0}], "n_samples=10/dc=0.30000000000000004/n_bits=100/sig_amp=1.65e-06/noise_amp=0.0/lux=22.0/X=0.014857142857142857/Y=1": [{"V(compideal)": 0.0, "V(compideal)_Trig": 0.0}], "n_samples=10/dc=0.4/n_bits=100/sig_amp=1.65e-06/noise_amp=0.0/lux=22.0/X=0.014857142857142857/Y=1": [{"V(compideal)": 0.0, "V(compideal)_Trig": 0.0}], "n_samples=10/dc=0.5/n_bits=100/sig_amp=1.65e-06/noise_amp=0.0/lux=22.0/X=0.014857142857142857/Y=1": [{"V(compideal)": 0.0, "V(compideal)_Trig": 0.0}], "n_samples=10/dc=0.6000000000000001/n_bits=100/sig_amp=1.65e-06/noise_amp=0.0/lux=22.0/X=0.014857142857142857/Y=1": [{"V(compideal)": 0.0, "V(compideal)_Trig": 0.0}], "n_samples=10/dc=0.7000000000000002/n_bits=100/sig_amp=1.65e-06/noise_amp=0.0/lux=22.0/X=0.014857142857142857/Y=1": [{"V(compideal)": 0.0, "V(compideal)_Trig": 0.0}], "n_samples=10/dc=0.8/n_bits=100/sig_amp=1.65e-06/noise_amp=0.0/lux=22.0/X=0.014857142857142857/Y=1": [{"V(compideal)": 0.25, "V(compideal)_Trig": 0.25}], "n_samples=10/dc=0.2/n_bits=100/sig_amp=1.65e-06/noise_amp=0.0/lux=22.0/X=0.017785714285714287/Y=1": [{"V(compideal)": 0.19, "V(compideal)_Trig": 0.0}], "n_samples=10/dc=0.30000000000000004/n_bits=100/sig_amp=1.65e-06/noise_amp=0.0/lux=22.0/X=0.017785714285714287/Y=1": [{"V(compideal)": 0.0, "V(compideal)_Trig": 0.0}], "n_samples=10/dc=0.4/n_bits=100/sig_amp=1.65e-06/noise_amp=0.0/lux=22.0/X=0.017785714285714287/Y=1": [{"V(compideal)": 0.0, "V(compideal)_Trig": 0.0}], "n_samples=10/dc=0.5/n_bits=100/sig_amp=1.65e-06/noise_amp=0.0/lux=22.0/X=0.017785714285714287/Y=1": [{"V(compideal)": 0.0, "V(compideal)_Trig": 0.0}], "n_samples=10/dc=0.6000000000000001/n_bits=100/sig_amp=1.65e-06/noise_amp=0.0/lux=22.0/X=0.017785714285714287/Y=1": [{"V(compideal)": 0.0, "V(compideal)_Trig": 0.0}], "n_samples=10/dc=0.7000000000000002/n_bits=100/sig_amp=1.65e-06/noise_amp=0.0/lux=22.0/X=0.017785714285714287/Y=1": [{"V(compideal)": 0.0, "V(compideal)_Trig": 0.0}], "n_samples=10/dc=0.8/n_bits=100/sig_amp=1.65e-06/noise_amp=0.0/lux=22.0/X=0.017785714285714287/Y=1": [{"V(compideal)": 0.3, "V(compideal)_Trig": 0.3}], "n_samples=10/dc=0.2/n_bits=100/sig_amp=1.65e-06/noise_amp=0.0/lux=22.0/X=0.020714285714285713/Y=1": [{"V(compideal)": 0.24, "V(compideal)_Trig": 0.0}], "n_samples=10/dc=0.30000000000000004/n_bits=100/sig_amp=1.65e-06/noise_amp=0.0/lux=22.0/X=0.020714285714285713/Y=1": [{"V(compideal)": 0.0, "V(compideal)_Trig": 0.0}], "n_samples=10/dc=0.4/n_bits=100/sig_amp=1.65e-06/noise_amp=0.0/lux=22.0/X=0.020714285714285713/Y=1": [{"V(compideal)": 0.0, "V(compideal)_Trig": 0.0}], "n_samples=10/dc=0.5/n_bits=100/sig_amp=1.65e-06/noise_amp=0.0/lux=22.0/X=0.020714285714285713/Y=1": [{"V(compideal)": 0.0, "V(compideal)_Trig": 0.0}], "n_samples=10/dc=0.6000000000000001/n_bits=100/sig_amp=1.65e-06/noise_amp=0.0/lux=22.0/X=0.020714285714285713/Y=1": [{"V(compideal)": 0.0, "V(compideal)_Trig": 0.0}], "n_samples=10/dc=0.7000000000000002/n_bits=100/sig_amp=1.65e-06/noise_amp=0.0/lux=22.0/X=0.020714285714285713/Y=1": [{"V(compideal)": 0.0, "V(compideal)_Trig": 0.0}], "n_samples=10/dc=0.8/n_bits=100/sig_amp=1.65e-06/noise_amp=0.0/lux=22.0/X=0.020714285714285713/Y=1": [{"V(compideal)": 0.3, "V(compideal)_Trig": 0.3}], "n_samples=10/dc=0.2/n_bits=100/sig_amp=1.65e-06/noise_amp=0.0/lux=22.0/X=0.023642857142857146/Y=1": [{"V(compideal)": 0.2, "V(compideal)_Trig": 0.0}], "n_samples=10/dc=0.30000000000000004/n_bits=100/sig_amp=1.65e-06/noise_amp=0.0/lux=22.0/X=0.023642857142857146/Y=1": [{"V(compideal)": 0.0, "V(compideal)_Trig": 0.0}], "n_samples=10/dc=0.4/n_bits=100/sig_amp=1.65e-06/noise_amp=0.0/lux=22.0/X=0.023642857142857146/Y=1": [{"V(compideal)": 0.0, "V(compideal)_Trig": 0.0}], "n_samples=10/dc=0.5/n_bits=100/sig_amp=1.65e-06/noise_amp=0.0/lux=22.0/X=0.023642857142857146/Y=1": [{"V(compideal)": 0.0, "V(compideal)_Trig": 0.0}], "n_samples=10/dc=0.6000000000000001/n_bits=100/sig_amp=1.65e-06/noise_amp=0.0/lux=22.0/X=0.023642857142857146/Y=1": [{"V(compideal)": 0.0, "V(compideal)_Trig": 0.0}], "n_samples=10/dc=0.7000000000000002/n_bits=100/sig_amp=1.65e-06/noise_amp=0.0/lux=22.0/X=0.023642857142857146/Y=1": [{"V(compideal)": 0.0, "V(compideal)_Trig": 0.0}], "n_samples=10/dc=0.8/n_bits=100/sig_amp=1.65e-06/noise_amp=0.0/lux=22.0/X=0.023642857142857146/Y=1": [{"V(compideal)": 0.22, "V(compideal)_Trig": 0.0}], "n_samples=10/dc=0.2/n_bits=100/sig_amp=1.65e-06/noise_amp=0.0/lux=22.0/X=0.026571428571428572/Y=1": [{"V(compideal)": 0.2, "V(compideal)_Trig": 0.0}], "n_samples=10/dc=0.30000000000000004/n_bits=100/sig_amp=1.65e-06/noise_amp=0.0/lux=22.0/X=0.026571428571428572/Y=1": [{"V(compideal)": 0.0, "V(compideal)_Trig": 0.0}], "n_samples=10/dc=0.4/n_bits=100/sig_amp=1.65e-06/noise_amp=0.0/lux=22.0/X=0.026571428571428572/Y=1": [{"V(compideal)": 0.0, "V(compideal)_Trig": 0.0}], "n_samples=10/dc=0.5/n_bits=100/sig_amp=1.65e-06/noise_amp=0.0/lux=22.0/X=0.026571428571428572/Y=1": [{"V(compideal)": 0.0, "V(compideal)_Trig": 0.0}], "n_samples=10/dc=0.6000000000000001/n_bits=100/sig_amp=1.65e-06/noise_amp=0.0/lux=22.0/X=0.026571428571428572/Y=1": [{"V(compideal)": 0.0, "V(compideal)_Trig": 0.0}], "n_samples=10/dc=0.7000000000000002/n_bits=100/sig_amp=1.65e-06/noise_amp=0.0/lux=22.0/X=0.026571428571428572/Y=1": [{"V(compideal)": 0.0, "V(compideal)_Trig": 0.0}], "n_samples=10/dc=0.8/n_bits=100/sig_amp=1.65e-06/noise_amp=0.0/lux=22.0/X=0.026571428571428572/Y=1": [{"V(compideal)": 0.23, "V(compideal)_Trig": 0.0}], "n_samples=10/dc=0.2/n_bits=100/sig_amp=1.65e-06/noise_amp=0.0/lux=22.0/X=0.0295/Y=1": [{"V(compideal)": 0.14, "V(compideal)_Trig": 0.0}], "n_samples=10/dc=0.30000000000000004/n_bits=100/sig_amp=1.65e-06/noise_amp=0.0/lux=22.0/X=0.0295/Y=1": [{"V(compideal)": 0.0, "V(compideal)_Trig": 0.0}],